{
  "model": "AE_deterministic",
  "config": {
    "latent_dim": 16,
    "hidden_dim": 256,
    "epochs": 50,
    "lr": 0.001,
    "batch_size": 128,
    "seeds": [
      42,
      123,
      456
    ],
    "n_bootstrap": 100,
    "normalization": "center_per_dim + median_pairwise_distance_scaling"
  },
  "scale_factors": {
    "full": 16.726585442743108,
    "minus_7": 18.565473315437615,
    "minus_3_7": 20.558819307016453,
    "minus_2_4": 19.107323545161083,
    "minus_4_9": 18.638091091239254,
    "minus_cluster": 21.391863151641587
  },
  "comparisons": {
    "full_vs_minus_7": {
      "wasserstein_H0": {
        "mean": 12.520437774351144,
        "std": 4.731933567310271,
        "ci_low": 5.651894776150584,
        "ci_high": 23.38810302377234,
        "p_gt_zero": 1.0
      },
      "wasserstein_H1": {
        "mean": 9.730285080471521,
        "std": 0.6876363574019778,
        "ci_low": 8.72744415750919,
        "ci_high": 11.475517337824678,
        "p_gt_zero": 1.0
      },
      "betti_diff_H0": {
        "mean": 0.0,
        "std": 0.0,
        "ci_low": 0.0,
        "ci_high": 0.0,
        "p_gt_zero": 0.0
      },
      "betti_diff_H1": {
        "mean": 39.24,
        "std": 49.41823954776212,
        "ci_low": -59.675,
        "ci_high": 125.72499999999992,
        "p_gt_zero": 0.79
      },
      "persistence_diff_H1": {
        "mean": -0.047954496070742605,
        "std": 2.2562213416101633,
        "ci_low": -4.350379441678524,
        "ci_high": 3.563165298849344,
        "p_gt_zero": 0.48
      },
      "n_bootstrap": 100
    },
    "full_vs_minus_3_7": {
      "wasserstein_H0": {
        "mean": 28.352249166546216,
        "std": 6.063894900812224,
        "ci_low": 17.66243928651174,
        "ci_high": 39.77725179669348,
        "p_gt_zero": 1.0
      },
      "wasserstein_H1": {
        "mean": 11.352774342084077,
        "std": 1.230393445087837,
        "ci_low": 9.012967539380224,
        "ci_high": 13.687604201152709,
        "p_gt_zero": 1.0
      },
      "betti_diff_H0": {
        "mean": 0.0,
        "std": 0.0,
        "ci_low": 0.0,
        "ci_high": 0.0,
        "p_gt_zero": 0.0
      },
      "betti_diff_H1": {
        "mean": -39.83,
        "std": 47.115826428069795,
        "ci_low": -135.575,
        "ci_high": 45.04999999999998,
        "p_gt_zero": 0.2
      },
      "persistence_diff_H1": {
        "mean": -3.1386306902766226,
        "std": 1.9988071884988219,
        "ci_low": -6.219512961432338,
        "ci_high": 0.9288208033889462,
        "p_gt_zero": 0.07
      },
      "n_bootstrap": 100
    },
    "full_vs_minus_2_4": {
      "wasserstein_H0": {
        "mean": 18.579114720181774,
        "std": 5.228879570097902,
        "ci_low": 8.98193134656176,
        "ci_high": 29.16287974535155,
        "p_gt_zero": 1.0
      },
      "wasserstein_H1": {
        "mean": 10.870430183082883,
        "std": 1.0350908516095245,
        "ci_low": 8.986663042509699,
        "ci_high": 12.844700712697673,
        "p_gt_zero": 1.0
      },
      "betti_diff_H0": {
        "mean": 0.0,
        "std": 0.0,
        "ci_low": 0.0,
        "ci_high": 0.0,
        "p_gt_zero": 0.0
      },
      "betti_diff_H1": {
        "mean": -28.86,
        "std": 49.464132459793525,
        "ci_low": -111.35,
        "ci_high": 68.04999999999998,
        "p_gt_zero": 0.28
      },
      "persistence_diff_H1": {
        "mean": -3.2455284624546765,
        "std": 2.1038272427867626,
        "ci_low": -6.945719901286066,
        "ci_high": 1.3590752372518178,
        "p_gt_zero": 0.07
      },
      "n_bootstrap": 100
    },
    "full_vs_minus_4_9": {
      "wasserstein_H0": {
        "mean": 18.914013791343454,
        "std": 5.285963866763092,
        "ci_low": 8.29822509828955,
        "ci_high": 29.748361363519663,
        "p_gt_zero": 1.0
      },
      "wasserstein_H1": {
        "mean": 9.838291040901685,
        "std": 0.802412105561402,
        "ci_low": 8.461527310126991,
        "ci_high": 11.661328814634265,
        "p_gt_zero": 1.0
      },
      "betti_diff_H0": {
        "mean": 0.0,
        "std": 0.0,
        "ci_low": 0.0,
        "ci_high": 0.0,
        "p_gt_zero": 0.0
      },
      "betti_diff_H1": {
        "mean": 5.21,
        "std": 51.87278573587503,
        "ci_low": -93.05,
        "ci_high": 118.04999999999998,
        "p_gt_zero": 0.5
      },
      "persistence_diff_H1": {
        "mean": -1.0444985269010068,
        "std": 2.274752952947244,
        "ci_low": -4.983233185485005,
        "ci_high": 3.258614251017565,
        "p_gt_zero": 0.3
      },
      "n_bootstrap": 100
    },
    "full_vs_minus_cluster": {
      "wasserstein_H0": {
        "mean": 48.6175845129405,
        "std": 6.1478598966066755,
        "ci_low": 38.65687101309352,
        "ci_high": 60.634727137997785,
        "p_gt_zero": 1.0
      },
      "wasserstein_H1": {
        "mean": 14.86894863239231,
        "std": 1.7224166932180816,
        "ci_low": 11.805725517249863,
        "ci_high": 18.22594255858811,
        "p_gt_zero": 1.0
      },
      "betti_diff_H0": {
        "mean": 0.0,
        "std": 0.0,
        "ci_low": 0.0,
        "ci_high": 0.0,
        "p_gt_zero": 0.0
      },
      "betti_diff_H1": {
        "mean": -120.9,
        "std": 48.13740749147175,
        "ci_low": -201.05,
        "ci_high": -22.550000000000153,
        "p_gt_zero": 0.01
      },
      "persistence_diff_H1": {
        "mean": -6.3441309115290645,
        "std": 2.045783629540965,
        "ci_low": -9.734728202223778,
        "ci_high": -2.7683601362630768,
        "p_gt_zero": 0.0
      },
      "n_bootstrap": 100
    }
  },
  "null_distribution": {
    "null_wasserstein_H0": {
      "mean": 9.087715657311392,
      "std": 3.166917648453881,
      "ci_high_95": 14.68902159333229,
      "ci_high_99": 18.26058136543495
    },
    "null_wasserstein_H1": {
      "mean": 9.581028891527946,
      "std": 0.8420063332092099,
      "ci_high_95": 10.989110968219347,
      "ci_high_99": 12.551704530106491
    },
    "n_bootstrap": 100
  },
  "geometry": {
    "full": {
      "surviving": [
        0,
        1,
        2,
        3,
        4,
        5,
        6,
        7,
        8,
        9
      ],
      "n_classes": 10,
      "avg_radius": 0.5190717180053268,
      "per_class_radius": {
        "0": 0.5030504355165899,
        "1": 0.3845088547626832,
        "2": 0.5996906394630327,
        "3": 0.5126497495414264,
        "4": 0.5647271710766181,
        "5": 0.5912203687454219,
        "6": 0.5338345155185712,
        "7": 0.512300647177545,
        "8": 0.5063821537994465,
        "9": 0.48235264445193365
      },
      "inter_centroid_mean": 0.39829154831835073,
      "inter_centroid_std": 0.08533340528635133
    },
    "minus_7": {
      "surviving": [
        0,
        1,
        2,
        3,
        4,
        5,
        6,
        8,
        9
      ],
      "n_classes": 9,
      "avg_radius": 0.5176710165269902,
      "per_class_radius": {
        "0": 0.5061379537255905,
        "1": 0.390402659737378,
        "2": 0.5909687296004145,
        "3": 0.5172421918222369,
        "4": 0.5492098694815671,
        "5": 0.5938167871661927,
        "6": 0.5266213825134348,
        "8": 0.5090068522893536,
        "9": 0.47563272240674426
      },
      "inter_centroid_mean": 0.3550417195029269,
      "inter_centroid_std": 0.08086727389686967
    },
    "minus_3_7": {
      "surviving": [
        0,
        1,
        2,
        4,
        5,
        6,
        8,
        9
      ],
      "n_classes": 8,
      "avg_radius": 0.520765774224073,
      "per_class_radius": {
        "0": 0.5073597164292671,
        "1": 0.3868533719309151,
        "2": 0.5863473655227066,
        "4": 0.5610825413764081,
        "5": 0.5910327741272693,
        "6": 0.5338712448385108,
        "8": 0.5117884794523647,
        "9": 0.4877907001151423
      },
      "inter_centroid_mean": 0.39651238055488164,