{
  "beta_0.1": {
    "beta": 0.1,
    "w_h1": {
      "minus_7": {
        "mean": 61.272602541434416,
        "std": 5.544662390456982,
        "ci_low": 52.0892585112176,
        "ci_high": 73.97978479166123
      },
      "minus_3_7": {
        "mean": 61.62151652155154,
        "std": 5.510706239662898,
        "ci_low": 53.41411669339128,
        "ci_high": 75.66930010593954
      },
      "minus_cluster": {
        "mean": 74.12639562140681,
        "std": 8.655920775311992,
        "ci_low": 60.33585123272277,
        "ci_high": 93.37896401410661
      }
    },
    "null_95": 68.25228303636423,
    "icd_ratios": {
      "minus_7": 0.9859824180603027,
      "minus_3_7": 0.9661394953727722,
      "minus_cluster": 0.927091658115387
    },
    "aspiration": {
      "pearson_r": -0.0950857623948467,
      "pearson_p": 0.5296229613063403,
      "mean_alpha": 0.0031073275459600515,
      "n_points": 46
    },
    "time_s": 4752.685012817383
  },
  "beta_0.5": {
    "beta": 0.5,
    "w_h1": {
      "minus_7": {
        "mean": 62.99018198254816,
        "std": 5.593558410231846,
        "ci_low": 54.21701625471371,
        "ci_high": 74.26117004454473
      },
      "minus_3_7": {
        "mean": 66.11780367461736,
        "std": 6.684658503582163,
        "ci_low": 57.37071389087996,
        "ci_high": 80.91717936757135
      },
      "minus_cluster": {
        "mean": 89.42063052248005,
        "std": 11.623554999505382,
        "ci_low": 70.32558581430276,
        "ci_high": 111.3600729378899
      }
    },
    "null_95": 71.26467153866827,
    "icd_ratios": {
      "minus_7": 0.9803680777549744,
      "minus_3_7": 0.9582014679908752,
      "minus_cluster": 0.9596057534217834
    },
    "aspiration": {
      "pearson_r": 0.005936866744608846,
      "pearson_p": 0.968764447723222,
      "mean_alpha": 0.0032745725814536833,
      "n_points": 46
    },
    "time_s": 5584.68496632576
  },
  "beta_1.0": {
    "beta": 1.0,
    "w_h1": {
      "minus_7": {
        "mean": 56.774833550743864,
        "std": 5.133634944260042,
        "ci_low": 48.67236310093492,
        "ci_high": 65.61307455697889
      },
      "minus_3_7": {
        "mean": 95.24174491376846,
        "std": 11.315274959741249,
        "ci_low": 73.00913523078424,
        "ci_high": 117.31389683917926
      },
      "minus_cluster": {
        "mean": 104.9986473298117,
        "std": 11.901180651520553,
        "ci_low": 86.54493633567652,
        "ci_high": 133.65071490880212
      }
    },
    "null_95": 63.15723531025415,
    "icd_ratios": {
      "minus_7": 1.0090070962905884,
      "minus_3_7": 0.9989421367645264,
      "minus_cluster": 0.8990212678909302
    },
    "aspiration": {
      "pearson_r": -0.07287796501834293,
      "pearson_p": 0.6302888161596848,
      "mean_alpha": 0.004126417163130855,
      "n_points": 46
    },
    "time_s": 5763.71497297287
  },
  "beta_2.0": {
    "beta": 2.0,
    "w_h1": {
      "minus_7": {
        "mean": 50.43136076765737,
        "std": 4.911032349140694,
        "ci_low": 43.26486509867559,
        "ci_high": 60.95836328495008
      },
      "minus_3_7": {
        "mean": 125.65027758442737,
        "std": 12.753949583014666,
        "ci_low": 104.54178440437163,
        "ci_high": 151.2705016373375
      },
      "minus_cluster": {
        "mean": 118.0982837999763,
        "std": 10.902054246350767,
        "ci_low": 99.66516701660854,
        "ci_high": 139.52188509936227
      }
    },
    "null_95": 54.38616033962385,
    "icd_ratios": {
      "minus_7": 1.010796308517456,
      "minus_3_7": 1.0073047876358032,
      "minus_cluster": 0.9461938738822937
    },
    "aspiration": {
      "pearson_r": -0.15885534767549664,
      "pearson_p": 0.2916666734771609,
      "mean_alpha": 0.0050202075620637086,
      "n_points": 46
    },
    "time_s": 6357.53250670433
  },
  "beta_5.0": {
    "beta": 5.0,
    "w_h1": {
      "minus_7": {
        "mean": 83.1405485857052,
        "std": 7.400499557354024,
        "ci_low": 70.84865846641235,
        "ci_high": 97.82188985763432
      },
      "minus_3_7": {
        "mean": 36.35716925275732,
        "std": 3.7565225788927536,
        "ci_low": 30.17041696429498,
        "ci_high": 44.604620235688245
      },
      "minus_cluster": {
        "mean": 54.361774960659794,
        "std": 5.475335443246478,
        "ci_low": 43.50873805055662,
        "ci_high": 66.45164465952219
      }
    },
    "null_95": 34.601973071057785,
    "icd_ratios": {
      "minus_7": 1.0196443796157837,
      "minus_3_7": 1.0368882417678833,
      "minus_cluster": 0.9059427380561829
    },
    "aspiration": {
      "pearson_r": -0.11131038756822081,
      "pearson_p": 0.4614504757349253,
      "mean_alpha": 0.015496836553956473,
      "n_points": 46
    },
    "time_s": 4915.560066461563
  },
  "beta_10.0": {
    "beta": 10.0,
    "w_h1": {
      "minus_7": {
        "mean": 18.530630428198965,
        "std": 2.1167720096100067,
        "ci_low": 15.36515888634326,
        "ci_high": 24.53264396103788
      },
      "minus_3_7": {
        "mean": 19.508623705374237,
        "std": 2.254222878647569,
        "ci_low": 16.020670151174578,
        "ci_high": 24.567353082655423
      },
      "minus_cluster": {
        "mean": 30.853865723806116,
        "std": 2.764032784671035,
        "ci_low": 25.86235986506967,
        "ci_high": 37.40474114746775
      }
    },
    "null_95": 18.987967747550623,
    "icd_ratios": {
      "minus_7": 1.0124247074127197,
      "minus_3_7": 1.042708396911621,
      "minus_cluster": 0.8783785104751587
    },
    "aspiration": {
      "pearson_r": -0.2583126301530975,
      "pearson_p": 0.08304255580469883,
      "mean_alpha": 0.01616950804595459,
      "n_points": 46
    },
    "time_s": 3245.7811431884766
  }
}