{
  "results": {
    "full": {
      "tda_features": {
        "excluded": [],
        "H0_count_mean": 1999.0,
        "H0_count_std": 0.0,
        "H0_mean_life_mean": 1.1753708823424527,
        "H0_mean_life_std": 0.08400352854766333,
        "H0_max_life_mean": 3.5192885398864746,
        "H0_max_life_std": 0.5995386756925494,
        "H0_total_persistence_mean": 2349.566393802563,
        "H0_total_persistence_std": 167.9230535667789,
        "H0_std_life_mean": 0.3429734823224016,
        "H0_std_life_std": 0.02793935345329699,
        "H1_count_mean": 2061.0,
        "H1_count_std": 48.11098280711657,
        "H1_mean_life_mean": 0.12820615400368512,
        "H1_mean_life_std": 0.0034722743780623553,
        "H1_max_life_mean": 0.6411794424057007,
        "H1_max_life_std": 0.023694564201045622,
        "H1_total_persistence_mean": 264.37919849157333,
        "H1_total_persistence_std": 12.814469386046435,
        "H1_std_life_mean": 0.10774230236999725,
        "H1_std_life_std": 0.0019106798265324668
      }
    },
    "minus_7": {
      "tda_features": {
        "excluded": [
          7
        ],
        "H0_count_mean": 1999.0,
        "H0_count_std": 0.0,
        "H0_mean_life_mean": 1.0513871830812151,
        "H0_mean_life_std": 0.13101630854815022,
        "H0_max_life_mean": 2.9755019346872964,
        "H0_max_life_std": 0.1721149231758524,
        "H0_total_persistence_mean": 2101.722978979349,
        "H0_total_persistence_std": 261.9016007877523,
        "H0_std_life_mean": 0.3054145539398865,
        "H0_std_life_std": 0.027138426195062067,
        "H1_count_mean": 1959.3333333333333,
        "H1_count_std": 111.21850365634108,
        "H1_mean_life_mean": 0.11975871076768985,
        "H1_mean_life_std": 0.004203517483063025,
        "H1_max_life_mean": 0.5973828236262003,
        "H1_max_life_std": 0.027092891211494288,
        "H1_total_persistence_mean": 235.05006567637125,
        "H1_total_persistence_std": 20.972174123206905,
        "H1_std_life_mean": 0.10020327008828789,
        "H1_std_life_std": 0.004145861818529276
      }
    },
    "minus_3_7": {
      "tda_features": {
        "excluded": [
          3,
          7
        ],
        "H0_count_mean": 1999.0,
        "H0_count_std": 0.0,
        "H0_mean_life_mean": 1.0793702464109065,
        "H0_mean_life_std": 0.06865576091144801,
        "H0_max_life_mean": 3.057926654815674,
        "H0_max_life_std": 0.015267777635372815,
        "H0_total_persistence_mean": 2157.6611225754023,
        "H0_total_persistence_std": 137.2428660619847,
        "H0_std_life_mean": 0.306726779000982,
        "H0_std_life_std": 0.023494403529032627,
        "H1_count_mean": 1993.3333333333333,
        "H1_count_std": 88.85318727478992,
        "H1_mean_life_mean": 0.1210251454633039,
        "H1_mean_life_std": 0.0026078264515392844,
        "H1_max_life_mean": 0.5940136512120565,
        "H1_max_life_std": 0.014382091317799418,
        "H1_total_persistence_mean": 241.35231729348502,
        "H1_total_persistence_std": 14.122750573233457,
        "H1_std_life_mean": 0.10106328737884253,
        "H1_std_life_std": 0.0019262767693963494
      }
    },
    "minus_2_4": {
      "tda_features": {
        "excluded": [
          2,
          4
        ],
        "H0_count_mean": 1999.0,
        "H0_count_std": 0.0,
        "H0_mean_life_mean": 1.047947897284612,
        "H0_mean_life_std": 0.13503290172604085,
        "H0_max_life_mean": 2.9418760935465493,
        "H0_max_life_std": 0.2458291503516575,
        "H0_total_persistence_mean": 2094.847846671939,
        "H0_total_persistence_std": 269.93077055035565,
        "H0_std_life_mean": 0.29893544502983455,
        "H0_std_life_std": 0.027147723856898367,
        "H1_count_mean": 1980.6666666666667,
        "H1_count_std": 111.59549971013864,
        "H1_mean_life_mean": 0.12130991550899141,
        "H1_mean_life_std": 0.004640375007878668,
        "H1_max_life_mean": 0.6786994934082031,
        "H1_max_life_std": 0.01615099549573748,
        "H1_total_persistence_mean": 240.76638384660086,
        "H1_total_persistence_std": 22.239239751641634,
        "H1_std_life_mean": 0.10146259510423465,
        "H1_std_life_std": 0.0038597546183958067
      }
    },
    "minus_4_9": {
      "tda_features": {
        "excluded": [
          4,
          9
        ],
        "H0_count_mean": 1999.0,
        "H0_count_std": 0.0,
        "H0_mean_life_mean": 1.1746160472524707,
        "H0_mean_life_std": 0.07627096170290175,
        "H0_max_life_mean": 3.3921315670013428,
        "H0_max_life_std": 0.16044611320711147,
        "H0_total_persistence_mean": 2348.0574784576893,
        "H0_total_persistence_std": 152.46565244410058,
        "H0_std_life_mean": 0.3338793289705541,
        "H0_std_life_std": 0.017696491079158567,
        "H1_count_mean": 2085.6666666666665,
        "H1_count_std": 56.84090858606053,
        "H1_mean_life_mean": 0.12586897960520338,
        "H1_mean_life_std": 0.002986812104767034,
        "H1_max_life_mean": 0.6264834006627401,
        "H1_max_life_std": 0.05071690231671084,
        "H1_total_persistence_mean": 262.6827304363251,
        "H1_total_persistence_std": 13.320553303577979,
        "H1_std_life_mean": 0.1039217020820642,
        "H1_std_life_std": 0.002466051490739519
      }
    },
    "minus_cluster": {
      "tda_features": {
        "excluded": [
          3,
          5,
          8
        ],
        "H0_count_mean": 1999.0,
        "H0_count_std": 0.0,
        "H0_mean_life_mean": 1.0151282067480376,
        "H0_mean_life_std": 0.06944382037946097,
        "H0_max_life_mean": 3.13563863436381,
        "H0_max_life_std": 0.3208805294117347,
        "H0_total_persistence_mean": 2029.2412852893274,
        "H0_total_persistence_std": 138.81819693854248,
        "H0_std_life_mean": 0.29797748513916494,
        "H0_std_life_std": 0.016450850403273494,
        "H1_count_mean": 2045.3333333333333,
        "H1_count_std": 49.56701412117628,
        "H1_mean_life_mean": 0.11734581215255435,
        "H1_mean_life_std": 0.004287950894743158,
        "H1_max_life_mean": 0.6468890508015951,
        "H1_max_life_std": 0.08604346653050547,
        "H1_total_persistence_mean": 240.2233283917109,
        "H1_total_persistence_std": 14.497814601943684,
        "H1_std_life_mean": 0.09857702804851215,
        "H1_std_life_std": 0.0033123463968378957
      }
    }
  },
  "comparisons": {
    "full_vs_minus_7": {
      "wasserstein_H0": {
        "mean": 662.0644165388119,
        "std": 20.704115006946584,
        "ci_low": 630.2473052990972,
        "ci_high": 704.2403184310812,
        "p_gt_zero": 1.0
      },
      "wasserstein_H1": {
        "mean": 171.59708544048965,
        "std": 7.920790612203086,
        "ci_low": 157.51432561157523,
        "ci_high": 185.92728204364963,
        "p_gt_zero": 1.0
      },
      "betti_diff_H0": {
        "mean": 0.0,
        "std": 0.0,
        "ci_low": 0.0,
        "ci_high": 0.0,
        "p_gt_zero": 0.0
      },
      "betti_diff_H1": {
        "mean": -295.87,
        "std": 54.28658305695801,
        "ci_low": -400.25,
        "ci_high": -202.47500000000002,
        "p_gt_zero": 0.0
      },
      "persistence_diff_H1": {
        "mean": -65.20156913548708,
        "std": 8.709850482196549,
        "ci_low": -82.25542432516814,
        "ci_high": -49.759513080120094,
        "p_gt_zero": 0.0
      },
      "n_bootstrap": 100
    },
    "full_vs_minus_3_7": {
      "wasserstein_H0": {
        "mean": 115.76504773479091,
        "std": 20.483138209305608,
        "ci_low": 82.71164931470959,
        "ci_high": 154.98045335471804,
        "p_gt_zero": 1.0
      },
      "wasserstein_H1": {
        "mean": 47.093614189611046,
        "std": 6.5241301660031645,
        "ci_low": 36.77962551472904,
        "ci_high": 62.03491022750371,
        "p_gt_zero": 1.0
      },
      "betti_diff_H0": {
        "mean": 0.0,
        "std": 0.0,
        "ci_low": 0.0,