{
  "method": "Procrustes-aligned ghost centroid aspiration",
  "description": "Ghost = centroid of removed class in full model. Alpha = (d_before - d_after) / d_before. Radial = displacement projected toward ghost.",
  "summary": {
    "VAE": {
      "n_points": 234,
      "mean_alpha": 0.0068409846011274365,
      "std_alpha": 0.03200486238858466,
      "mean_radial": 0.026641025053446364,
      "std_radial": 0.09025057763476059,
      "frac_aspirated": 0.594017094017094,
      "pearson_d_alpha": {
        "r": -0.2821942563634908,
        "p": 1.1703736821517141e-05
      },
      "spearman_d_alpha": {
        "r": -0.26751421170339285,
        "p": 3.382129737712445e-05
      },
      "pearson_d_radial": {
        "r": -0.284415784465556,
        "p": 9.91445329785998e-06
      }
    },
    "AE": {
      "n_points": 234,
      "mean_alpha": 0.0025434977021561375,
      "std_alpha": 0.02225141641434167,
      "mean_radial": 0.048076975824204476,
      "std_radial": 0.26650843220143305,
      "frac_aspirated": 0.5470085470085471,
      "pearson_d_alpha": {
        "r": -0.05097912890035311,
        "p": 0.4376548015142016
      },
      "spearman_d_alpha": {
        "r": -0.034969533057875916,
        "p": 0.5945672389907083
      },
      "pearson_d_radial": {
        "r": -0.02034314425234949,
        "p": 0.7568987219316895
      }
    }
  },
  "per_condition": {
    "VAE": {
      "minus_7": {
        "mean_alpha": 0.006937133399693719,
        "mean_radial": 0.02749081366323426,
        "n_aspirated": 5,
        "n_total": 9
      },
      "minus_3_7": {
        "mean_alpha": 0.005068473005967794,
        "mean_radial": 0.02331762943192675,
        "n_aspirated": 10,
        "n_total": 16
      },
      "minus_2_4": {
        "mean_alpha": 0.006800111001939961,
        "mean_radial": 0.02785013720387648,
        "n_aspirated": 12,
        "n_total": 16
      },
      "minus_4_9": {
        "mean_alpha": 0.009253053468815806,
        "mean_radial": 0.02591303444623973,
        "n_aspirated": 10,
        "n_total": 16
      },
      "minus_cluster": {
        "mean_alpha": 0.0063436380315771215,
        "mean_radial": 0.02844237208985812,
        "n_aspirated": 15,
        "n_total": 21
      }
    },
    "AE": {
      "minus_7": {
        "mean_alpha": 0.0028944523484315835,
        "mean_radial": 0.04898283235364016,
        "n_aspirated": 5,
        "n_total": 9
      },
      "minus_3_7": {
        "mean_alpha": 0.002639427987831497,
        "mean_radial": 0.051713684938859805,
        "n_aspirated": 9,
        "n_total": 16
      },
      "minus_2_4": {
        "mean_alpha": 0.0017114333662883328,
        "mean_radial": 0.044967465150243614,
        "n_aspirated": 9,
        "n_total": 16
      },
      "minus_4_9": {
        "mean_alpha": 0.00302485717427235,
        "mean_radial": 0.05365937598613286,
        "n_aspirated": 11,
        "n_total": 16
      },
      "minus_cluster": {
        "mean_alpha": 0.0025872025322866486,
        "mean_radial": 0.04303381932863844,
        "n_aspirated": 9,
        "n_total": 21
      }
    }
  },
  "meta": {
    "VAE": {
      "minus_7_seed42": {
        "procrustes_scale": 0.984591014459487,
        "procrustes_residual": 0.21558812512018644
      },
      "minus_3_7_seed42": {
        "procrustes_scale": 0.9937713809825754,
        "procrustes_residual": 0.20230413953700901
      },
      "minus_2_4_seed42": {
        "procrustes_scale": 1.0196762494424123,
        "procrustes_residual": 0.2590705623695587
      },
      "minus_4_9_seed42": {
        "procrustes_scale": 1.0149526296935694,
        "procrustes_residual": 0.2005129024399128
      },
      "minus_cluster_seed42": {
        "procrustes_scale": 1.0983423455174468,
        "procrustes_residual": 0.24339018995444756
      },
      "minus_7_seed123": {
        "procrustes_scale": 0.9912772251230931,
        "procrustes_residual": 0.2913579626941029
      },
      "minus_3_7_seed123": {
        "procrustes_scale": 1.0077963431149068,
        "procrustes_residual": 0.2852573044326365
      },
      "minus_2_4_seed123": {
        "procrustes_scale": 0.9837230279763941,
        "procrustes_residual": 0.26886551665201774
      },
      "minus_4_9_seed123": {
        "procrustes_scale": 1.0074663014361736,
        "procrustes_residual": 0.24091788963815883
      },
      "minus_cluster_seed123": {
        "procrustes_scale": 1.087345205801932,
        "procrustes_residual": 0.3080455828167083
      },
      "minus_7_seed456": {
        "procrustes_scale": 1.0008226548666648,
        "procrustes_residual": 0.25949185165461486
      },
      "minus_3_7_seed456": {
        "procrustes_scale": 1.0346468894592025,
        "procrustes_residual": 0.2299789910069976
      },
      "minus_2_4_seed456": {
        "procrustes_scale": 1.0201440813379408,
        "procrustes_residual": 0.2423152610426177
      },
      "minus_4_9_seed456": {
        "procrustes_scale": 1.0394866602995514,
        "procrustes_residual": 0.21969283085516822
      },
      "minus_cluster_seed456": {
        "procrustes_scale": 1.0774193319107443,
        "procrustes_residual": 0.19366542921358035
      }
    },
    "AE": {
      "minus_7_seed42": {
        "procrustes_scale": 0.8924208685367452,
        "procrustes_residual": 0.535555611370991
      },
      "minus_3_7_seed42": {
        "procrustes_scale": 0.8181964801475322,
        "procrustes_residual": 0.6456949800248925
      },
      "minus_2_4_seed42": {
        "procrustes_scale": 0.8445939607095105,
        "procrustes_residual": 0.6183574628886842
      },
      "minus_4_9_seed42": {
        "procrustes_scale": 0.8891129506830365,
        "procrustes_residual": 0.7025844479252816
      },
      "minus_cluster_seed42": {
        "procrustes_scale": 0.7809510182407107,
        "procrustes_residual": 0.49070559574995665
      },
      "minus_7_seed123": {
        "procrustes_scale": 0.9281840582891617,
        "procrustes_residual": 0.5738382645088514
      },
      "minus_3_7_seed123": {
        "procrustes_scale": 0.8379377953086818,
        "procrustes_residual": 0.7968945088914616
      },
      "minus_2_4_seed123": {
        "procrustes_scale": 0.8558120676841995,
        "procrustes_residual": 0.5300105136497583
      },
      "minus_4_9_seed123": {
        "procrustes_scale": 0.889147475289172,
        "procrustes_residual": 0.704662112572253
      },
      "minus_cluster_seed123": {
        "procrustes_scale": 0.8375377018817267,
        "procrustes_residual": 0.684245514281302
      },
      "minus_7_seed456": {
        "procrustes_scale": 0.9112988651123946,
        "procrustes_residual": 0.9211977791149304
      },
      "minus_3_7_seed456": {
        "procrustes_scale": 0.8229014545016681,
        "procrustes_residual": 0.7880057646177476
      },
      "minus_2_4_seed456": {
        "procrustes_scale": 0.8655075338017014,
        "procrustes_residual": 0.9528781268365414
      },
      "minus_4_9_seed456": {
        "procrustes_scale": 0.911452168190072,
        "procrustes_residual": 0.8205547207732631
      },
      "minus_cluster_seed456": {
        "procrustes_scale": 0.809355080359496,
        "procrustes_residual": 0.7578530501181779
      }
    }
  }
}