{
  "results": {
    "full": {
      "tda_features": {
        "excluded": [],
        "H0_count_mean": 1999.0,
        "H0_count_std": 0.0,
        "H0_mean_life_mean": 1.8693381553444044,
        "H0_mean_life_std": 0.08011727850924738,
        "H0_max_life_mean": 3.701895904541016,
        "H0_max_life_std": 0.2168245190113676,
        "H0_total_persistence_mean": 3736.8069725334644,
        "H0_total_persistence_std": 160.15443973998566,
        "H0_std_life_mean": 0.502176544853956,
        "H0_std_life_std": 0.012566951907348425,
        "H1_count_mean": 2633.2,
        "H1_count_std": 113.93752674163153,
        "H1_mean_life_mean": 0.1600621550701724,
        "H1_mean_life_std": 0.0030932097146383637,
        "H1_max_life_mean": 0.8524981021881104,
        "H1_max_life_std": 0.061371304419397865,
        "H1_total_persistence_mean": 421.7038541316986,
        "H1_total_persistence_std": 24.36252206677056,
        "H1_std_life_mean": 0.1364890812482687,
        "H1_std_life_std": 0.0030888603540750116
      }
    },
    "minus_7": {
      "tda_features": {
        "excluded": [
          7
        ],
        "H0_count_mean": 1999.0,
        "H0_count_std": 0.0,
        "H0_mean_life_mean": 1.8697205852812204,
        "H0_mean_life_std": 0.17193376249944986,
        "H0_max_life_mean": 4.012275838851929,
        "H0_max_life_std": 0.33464506944915445,
        "H0_total_persistence_mean": 3737.5714499771593,
        "H0_total_persistence_std": 343.6955912364002,
        "H0_std_life_mean": 0.5182482204067806,
        "H0_std_life_std": 0.034079004698939444,
        "H1_count_mean": 2587.6,
        "H1_count_std": 117.29722929379022,
        "H1_mean_life_mean": 0.16146424776197904,
        "H1_mean_life_std": 0.0034946709519798093,
        "H1_max_life_mean": 0.8134002208709716,
        "H1_max_life_std": 0.0640370638263934,
        "H1_total_persistence_mean": 417.97245011329653,
        "H1_total_persistence_std": 24.014931655645487,
        "H1_std_life_mean": 0.13553695109205072,
        "H1_std_life_std": 0.0021190937848082577
      }
    },
    "minus_3_7": {
      "tda_features": {
        "excluded": [
          3,
          7
        ],
        "H0_count_mean": 1999.0,
        "H0_count_std": 0.0,
        "H0_mean_life_mean": 1.90092109633482,
        "H0_mean_life_std": 0.1854338110237553,
        "H0_max_life_mean": 3.928491449356079,
        "H0_max_life_std": 0.3870800366145907,
        "H0_total_persistence_mean": 3799.941271573305,
        "H0_total_persistence_std": 370.6821882364868,
        "H0_std_life_mean": 0.5312111011006602,
        "H0_std_life_std": 0.047517536324027145,
        "H1_count_mean": 2610.8,
        "H1_count_std": 135.03392166415074,
        "H1_mean_life_mean": 0.1628218649299439,
        "H1_mean_life_std": 0.005829773989309489,
        "H1_max_life_mean": 0.8183071851730347,
        "H1_max_life_std": 0.05247988696971703,
        "H1_total_persistence_mean": 425.83182702064516,
        "H1_total_persistence_std": 36.86332596483763,
        "H1_std_life_mean": 0.13619491020506355,
        "H1_std_life_std": 0.004469625464835771
      }
    },
    "minus_2_4": {
      "tda_features": {
        "excluded": [
          2,
          4
        ],
        "H0_count_mean": 1999.0,
        "H0_count_std": 0.0,
        "H0_mean_life_mean": 1.8099358118135012,
        "H0_mean_life_std": 0.15803064675464337,
        "H0_max_life_mean": 3.9309975624084474,
        "H0_max_life_std": 0.21623654090478092,
        "H0_total_persistence_mean": 3618.0616878151895,
        "H0_total_persistence_std": 315.9032628625322,
        "H0_std_life_mean": 0.5092253576396658,
        "H0_std_life_std": 0.05134226815345569,
        "H1_count_mean": 2581.4,
        "H1_count_std": 118.55732790511095,
        "H1_mean_life_mean": 0.15790724919468588,
        "H1_mean_life_std": 0.0022525124089165065,
        "H1_max_life_mean": 0.8146338939666748,
        "H1_max_life_std": 0.06388686857024764,
        "H1_total_persistence_mean": 407.84146481752396,
        "H1_total_persistence_std": 23.63123106686823,
        "H1_std_life_mean": 0.13215140799754518,
        "H1_std_life_std": 0.0017276603380631753
      }
    },
    "minus_4_9": {
      "tda_features": {
        "excluded": [
          4,
          9
        ],
        "H0_count_mean": 1999.0,
        "H0_count_std": 0.0,
        "H0_mean_life_mean": 1.7946126924269552,
        "H0_mean_life_std": 0.1479116510801389,
        "H0_max_life_mean": 3.7533312797546388,
        "H0_max_life_std": 0.23294773135608976,
        "H0_total_persistence_mean": 3587.4307721614837,
        "H0_total_persistence_std": 295.6753905091976,
        "H0_std_life_mean": 0.5089324629801961,
        "H0_std_life_std": 0.03899138924984035,
        "H1_count_mean": 2561.4,
        "H1_count_std": 120.41528142225138,
        "H1_mean_life_mean": 0.15901720248992673,
        "H1_mean_life_std": 0.006467383739949435,
        "H1_max_life_mean": 0.7983446836471557,
        "H1_max_life_std": 0.06815587312061981,
        "H1_total_persistence_mean": 407.8680084824562,
        "H1_total_persistence_std": 33.05750575986802,
        "H1_std_life_mean": 0.1331866995219534,
        "H1_std_life_std": 0.005593362967557389
      }
    },
    "minus_cluster": {
      "tda_features": {
        "excluded": [
          3,
          5,
          8
        ],
        "H0_count_mean": 1999.0,
        "H0_count_std": 0.0,
        "H0_mean_life_mean": 1.6874409750379757,
        "H0_mean_life_std": 0.07336071390988945,
        "H0_max_life_mean": 3.790605306625366,
        "H0_max_life_std": 0.15754807849199995,
        "H0_total_persistence_mean": 3373.194509100914,
        "H0_total_persistence_std": 146.64806710586913,
        "H0_std_life_mean": 0.5052491498464807,
        "H0_std_life_std": 0.009183191105278059,
        "H1_count_mean": 2557.4,
        "H1_count_std": 81.75720151766448,
        "H1_mean_life_mean": 0.1551167596783604,
        "H1_mean_life_std": 0.004061545255726107,
        "H1_max_life_mean": 0.8250816345214844,
        "H1_max_life_std": 0.09472234732466223,
        "H1_total_persistence_mean": 396.9353819489479,
        "H1_total_persistence_std": 21.324099920857595,
        "H1_std_life_mean": 0.12930457845535362,
        "H1_std_life_std": 0.003184751155230517
      }
    }
  },
  "comparisons": {
    "full_vs_minus_7": {
      "wasserstein_H0": {
        "mean": 47.021922326286216,
        "std": 17.347511810318213,
        "ci_low": 22.951501303911208,
        "ci_high": 87.60258114543818,
        "p_gt_zero": 1.0
      },
      "wasserstein_H1": {
        "mean": 56.77483373023446,
        "std": 5.133638984277464,
        "ci_low": 48.67234735995469,
        "ci_high": 65.61309169431807,
        "p_gt_zero": 1.0
      },
      "betti_diff_H0": {
        "mean": 0.0,
        "std": 0.0,
        "ci_low": 0.0,
        "ci_high": 0.0,
        "p_gt_zero": 0.0
      },
      "betti_diff_H1": {
        "mean": -67.26,
        "std": 62.49361887424987,
        "ci_low": -188.3,
        "ci_high": 48.52499999999999,
        "p_gt_zero": 0.11
      },
      "persistence_diff_H1": {
        "mean": -15.342608046531677,
        "std": 13.213777299522649,
        "ci_low": -38.54475677013397,
        "ci_high": 8.27808835357419,
        "p_gt_zero": 0.11
      },
      "n_bootstrap": 100
    },
    "full_vs_minus_3_7": {
      "wasserstein_H0": {
        "mean": 248.34551593325148,
        "std": 29.957412699438652,
        "ci_low": 197.8167409747839,
        "ci_high": 306.08223216144745,
        "p_gt_zero": 1.0
      },
      "wasserstein_H1": {
        "mean": 95.24174556197357,
        "std": 11.315273306360353,
        "ci_low": 73.00914658336895,
        "ci_high": 117.3138925035691,
        "p_gt_zero": 1.0
      },
      "betti_diff_H0": {
        "mean": 0.0,
        "std": 0.0,
        "ci_low": 0.0,
        "ci_high": 0.0,
        "p_gt_zero": 0.0
      },