{
  "dataset": "mnist",
  "results": {
    "minus_7": {
      "excluded": [
        7
      ],
      "seeds": {
        "42": {
          "in_mse": {
            "mean": 0.011323804035782814,
            "std": 0.005981179419904947,
            "ci_low": 0.011197245679795742,
            "ci_high": 0.011446801014244556,
            "n": 8972
          },
          "ood_mse": {
            "mean": 0.017887728288769722,
            "std": 0.007325149606913328,
            "ci_low": 0.017417939379811287,
            "ci_high": 0.018331293016672134,
            "n": 1028
          },
          "auroc": 0.7832946772579109
        },
        "123": {
          "in_mse": {
            "mean": 0.010986698791384697,
            "std": 0.005796265788376331,
            "ci_low": 0.010861387476325035,
            "ci_high": 0.011099687777459621,
            "n": 8972
          },
          "ood_mse": {
            "mean": 0.01723945513367653,
            "std": 0.008213270455598831,
            "ci_low": 0.016747118905186653,
            "ci_high": 0.01777743361890316,
            "n": 1028
          },
          "auroc": 0.7517716163212484
        },
        "456": {
          "in_mse": {
            "mean": 0.011530265212059021,
            "std": 0.006316300947219133,
            "ci_low": 0.011396876536309719,
            "ci_high": 0.011661788448691368,
            "n": 8972
          },
          "ood_mse": {
            "mean": 0.018256932497024536,
            "std": 0.008111488074064255,
            "ci_low": 0.017778202891349792,
            "ci_high": 0.01879683881998062,
            "n": 1028
          },
          "auroc": 0.7693957292120233
        }
      },
      "aggregate": {
        "in_mse_mean": 0.01128025601307551,
        "in_mse_std": 0.00022403636034129355,
        "ood_mse_mean": 0.01779470530649026,
        "ood_mse_std": 0.0004205591537112837,
        "ratio_mean": 1.577508993223516,
        "auroc_mean": 0.7681540075970608,
        "auroc_std": 0.012899153644869685,
        "auroc_bootstrap": {
          "mean": 0.7849306337399016,
          "ci_low": 0.771839236986318,
          "ci_high": 0.798447309485108
        }
      }
    },
    "minus_3_7": {
      "excluded": [
        3,
        7
      ],
      "seeds": {
        "42": {
          "in_mse": {
            "mean": 0.010641412809491158,
            "std": 0.005660511553287506,
            "ci_low": 0.010525013320147991,
            "ci_high": 0.010784692130982876,
            "n": 7962
          },
          "ood_mse": {
            "mean": 0.021786926314234734,
            "std": 0.008685841225087643,
            "ci_low": 0.02141808718442917,
            "ci_high": 0.022165482863783836,
            "n": 2038
          },
          "auroc": 0.873896531093844
        },
        "123": {
          "in_mse": {
            "mean": 0.011459855362772942,
            "std": 0.006343241315335035,
            "ci_low": 0.01132961269468069,
            "ci_high": 0.011607804335653782,
            "n": 7962
          },
          "ood_mse": {
            "mean": 0.026257142424583435,
            "std": 0.010016820393502712,
            "ci_low": 0.025839172303676605,
            "ci_high": 0.026690954342484474,
            "n": 2038
          },
          "auroc": 0.9110153134158597
        },
        "456": {
          "in_mse": {
            "mean": 0.011586589738726616,
            "std": 0.00662365322932601,
            "ci_low": 0.01143616158515215,
            "ci_high": 0.011745545081794262,
            "n": 7962
          },
          "ood_mse": {
            "mean": 0.025039445608854294,
            "std": 0.010066012851893902,
            "ci_low": 0.02463153749704361,
            "ci_high": 0.025473691523075104,
            "n": 2038
          },
          "auroc": 0.8898779260368004
        }
      },
      "aggregate": {
        "in_mse_mean": 0.011229285970330238,
        "in_mse_std": 0.0004188965985684221,
        "ood_mse_mean": 0.024361171449224155,
        "ood_mse_std": 0.0018869287029494512,
        "ratio_mean": 2.1694319223493537,
        "auroc_mean": 0.891596590182168,
        "auroc_std": 0.01520233216978513,
        "auroc_bootstrap": {
          "mean": 0.8764245040660508,
          "ci_low": 0.8686720090202752,
          "ci_high": 0.8851352067561349
        }
      }
    },
    "minus_2_4": {
      "excluded": [
        2,
        4
      ],
      "seeds": {
        "42": {
          "in_mse": {
            "mean": 0.010219433344900608,
            "std": 0.005542984697967768,
            "ci_low": 0.010087291710078716,
            "ci_high": 0.010337564162909985,
            "n": 7986
          },
          "ood_mse": {
            "mean": 0.0297945998609066,
            "std": 0.010516676120460033,
            "ci_low": 0.02936478890478611,
            "ci_high": 0.030273420736193657,
            "n": 2014
          },
          "auroc": 0.965529112391571
        },
        "123": {
          "in_mse": {
            "mean": 0.011249341070652008,
            "std": 0.006574292667210102,
            "ci_low": 0.011106299236416817,
            "ci_high": 0.01139211468398571,
            "n": 7986
          },
          "ood_mse": {
            "mean": 0.03351476788520813,
            "std": 0.011558007448911667,
            "ci_low": 0.03304743766784668,
            "ci_high": 0.034033071249723434,
            "n": 2014
          },
          "auroc": 0.964471899806787
        },
        "456": {
          "in_mse": {
            "mean": 0.010703280568122864,
            "std": 0.006014437414705753,
            "ci_low": 0.010577110573649406,
            "ci_high": 0.010843418538570404,
            "n": 7986
          },
          "ood_mse": {
            "mean": 0.032157670706510544,
            "std": 0.011291823349893093,
            "ci_low": 0.031673453748226166,
            "ci_high": 0.03264082968235016,
            "n": 2014
          },
          "auroc": 0.9679693933101895
        }
      },
      "aggregate": {
        "in_mse_mean": 0.010724018327891827,
        "in_mse_std": 0.00042071369671133963,
        "ood_mse_mean": 0.03182234615087509,
        "ood_mse_std": 0.00153714984098666,
        "ratio_mean": 2.9673901310024022,
        "auroc_mean": 0.9659901351695158,
        "auroc_std": 0.0014645867910833105,
        "auroc_bootstrap": {
          "mean": 0.964239098225768,
          "ci_low": 0.9609247290006767,
          "ci_high": 0.9679820768768383
        }
      }
    },
    "minus_4_9": {
      "excluded": [
        4,
        9
      ],
      "seeds": {
        "42": {
          "in_mse": {
            "mean": 0.010723911225795746,
            "std": 0.005643629003316164,
            "ci_low": 0.010598592460155487,
            "ci_high": 0.010851292870938778,
            "n": 8009
          },
          "ood_mse": {
            "mean": 0.02404939942061901,
            "std": 0.010931857861578465,
            "ci_low": 0.023575546219944954,
            "ci_high": 0.024505292996764183,
            "n": 1991
          },
          "auroc": 0.8943149654780009
        },
        "123": {
          "in_mse": {
            "mean": 0.010958476923406124,
            "std": 0.0060451338067650795,
            "ci_low": 0.010824642144143581,
            "ci_high": 0.011088195256888866,
            "n": 8009
          },
          "ood_mse": {
            "mean": 0.02427663654088974,
            "std": 0.011393160559237003,
            "ci_low": 0.02378077805042267,
            "ci_high": 0.024804668501019478,
            "n": 1991
          },
          "auroc": 0.8865729845987553
        },
        "456": {
          "in_mse": {
            "mean": 0.011282093822956085,
            "std": 0.006360377185046673,
            "ci_low": 0.011141160503029823,
            "ci_high": 0.01142077799886465,
            "n": 8009
          },
          "ood_mse": {
            "mean": 0.02475399151444435,
            "std": 0.011732751503586769,