{
  "dataset": "fashion_mnist",
  "results": {
    "minus_7": {
      "excluded": [
        7
      ],
      "seeds": {
        "42": {
          "in_mse": {
            "mean": 0.015071433037519455,
            "std": 0.010425894521176815,
            "ci_low": 0.014845745638012886,
            "ci_high": 0.015304341912269592,
            "n": 9000
          },
          "ood_mse": {
            "mean": 0.018531572073698044,
            "std": 0.006956138648092747,
            "ci_low": 0.01811327040195465,
            "ci_high": 0.018950367346405983,
            "n": 1000
          },
          "auroc": 0.6827824444444445
        },
        "123": {
          "in_mse": {
            "mean": 0.014914137311279774,
            "std": 0.009902589954435825,
            "ci_low": 0.014689318835735321,
            "ci_high": 0.01513613760471344,
            "n": 9000
          },
          "ood_mse": {
            "mean": 0.01739295944571495,
            "std": 0.006391949951648712,
            "ci_low": 0.016998644918203354,
            "ci_high": 0.017779823392629623,
            "n": 1000
          },
          "auroc": 0.6544023333333333
        },
        "456": {
          "in_mse": {
            "mean": 0.014061857014894485,
            "std": 0.009572053328156471,
            "ci_low": 0.013847988098859787,
            "ci_high": 0.014278762973845005,
            "n": 9000
          },
          "ood_mse": {
            "mean": 0.017159229144454002,
            "std": 0.006612109486013651,
            "ci_low": 0.01676001399755478,
            "ci_high": 0.017555078491568565,
            "n": 1000
          },
          "auroc": 0.6744246666666667
        }
      },
      "aggregate": {
        "in_mse_mean": 0.014682475787897905,
        "in_mse_std": 0.0004435171792437654,
        "ood_mse_mean": 0.017694586887955666,
        "ood_mse_std": 0.0005994806720798905,
        "ratio_mean": 1.205150081196831,
        "auroc_mean": 0.6705364814814816,
        "auroc_std": 0.011907873157298745,
        "auroc_bootstrap": {
          "mean": 0.6772228188888889,
          "ci_low": 0.6638638888888888,
          "ci_high": 0.6923365555555555
        }
      }
    },
    "minus_3_7": {
      "excluded": [
        3,
        7
      ],
      "seeds": {
        "42": {
          "in_mse": {
            "mean": 0.014785759150981903,
            "std": 0.009989132173359394,
            "ci_low": 0.014561031013727188,
            "ci_high": 0.015017948113381863,
            "n": 8000
          },
          "ood_mse": {
            "mean": 0.018503323197364807,
            "std": 0.007770645897835493,
            "ci_low": 0.01819344237446785,
            "ci_high": 0.018864324316382408,
            "n": 2000
          },
          "auroc": 0.6767743125
        },
        "123": {
          "in_mse": {
            "mean": 0.014955487102270126,
            "std": 0.010152028873562813,
            "ci_low": 0.014722163788974285,
            "ci_high": 0.015192744322121143,
            "n": 8000
          },
          "ood_mse": {
            "mean": 0.018032392486929893,
            "std": 0.007910155691206455,
            "ci_low": 0.017720801755785942,
            "ci_high": 0.01840406283736229,
            "n": 2000
          },
          "auroc": 0.65364075
        },
        "456": {
          "in_mse": {
            "mean": 0.014761949889361858,
            "std": 0.01010661106556654,
            "ci_low": 0.014530165120959282,
            "ci_high": 0.014987153932452202,
            "n": 8000
          },
          "ood_mse": {
            "mean": 0.018473803997039795,
            "std": 0.007989018224179745,
            "ci_low": 0.01815112866461277,
            "ci_high": 0.018863093107938766,
            "n": 2000
          },
          "auroc": 0.6743434374999999
        }
      },
      "aggregate": {
        "in_mse_mean": 0.01483439871420463,
        "in_mse_std": 8.61723796737224e-05,
        "ood_mse_mean": 0.018336506560444832,
        "ood_mse_std": 0.00021537853975322,
        "ratio_mean": 1.23608020208374,
        "auroc_mean": 0.6682528333333333,
        "auroc_std": 0.010379853011856318,
        "auroc_bootstrap": {
          "mean": 0.6722563159374999,
          "ci_low": 0.6600985625,
          "ci_high": 0.684759875
        }
      }
    },
    "minus_2_4": {
      "excluded": [
        2,
        4
      ],
      "seeds": {
        "42": {
          "in_mse": {
            "mean": 0.014428045600652695,
            "std": 0.009501314722001553,
            "ci_low": 0.014226309023797512,
            "ci_high": 0.014639598317444324,
            "n": 8000
          },
          "ood_mse": {
            "mean": 0.01674741692841053,
            "std": 0.009253047406673431,
            "ci_low": 0.016335144639015198,
            "ci_high": 0.017206693068146706,
            "n": 2000
          },
          "auroc": 0.6078215625000001
        },
        "123": {
          "in_mse": {
            "mean": 0.01545276865363121,
            "std": 0.010189658030867577,
            "ci_low": 0.015227405354380608,
            "ci_high": 0.015668634325265884,
            "n": 8000
          },
          "ood_mse": {
            "mean": 0.018998131155967712,
            "std": 0.010218382813036442,
            "ci_low": 0.018527362495660782,
            "ci_high": 0.019493091851472855,
            "n": 2000
          },
          "auroc": 0.6384901875
        },
        "456": {
          "in_mse": {
            "mean": 0.014566082507371902,
            "std": 0.00971813965588808,
            "ci_low": 0.014351541176438332,
            "ci_high": 0.014772112481296062,
            "n": 8000
          },
          "ood_mse": {
            "mean": 0.017435844987630844,
            "std": 0.009378072805702686,
            "ci_low": 0.017017515376210213,
            "ci_high": 0.01790301688015461,
            "n": 2000
          },
          "auroc": 0.62766425
        }
      },
      "aggregate": {
        "in_mse_mean": 0.01481563225388527,
        "in_mse_std": 0.0004540342430662153,
        "ood_mse_mean": 0.01772713102400303,
        "ood_mse_std": 0.0009416525543855137,
        "ratio_mean": 1.196515323829953,
        "auroc_mean": 0.6246586666666667,
        "auroc_std": 0.012699508867875246,
        "auroc_bootstrap": {
          "mean": 0.6101424799999999,
          "ci_low": 0.59656975,
          "ci_high": 0.62299075
        }
      }
    },
    "minus_4_9": {
      "excluded": [
        4,
        9
      ],
      "seeds": {
        "42": {
          "in_mse": {
            "mean": 0.014296356588602066,
            "std": 0.009811204858124256,
            "ci_low": 0.014089347794651985,
            "ci_high": 0.014529920183122158,
            "n": 8000
          },
          "ood_mse": {
            "mean": 0.018253475427627563,
            "std": 0.009953406639397144,
            "ci_low": 0.017828192561864853,
            "ci_high": 0.018716182559728622,
            "n": 2000
          },
          "auroc": 0.6493186874999999
        },
        "123": {
          "in_mse": {
            "mean": 0.014878674410283566,
            "std": 0.010189627297222614,
            "ci_low": 0.014667808078229427,
            "ci_high": 0.01511835865676403,
            "n": 8000
          },
          "ood_mse": {
            "mean": 0.01939910463988781,
            "std": 0.010205966420471668,
            "ci_low": 0.018968475982546806,
            "ci_high": 0.019887985661625862,
            "n": 2000
          },
          "auroc": 0.6619785625
        },
        "456": {
          "in_mse": {
            "mean": 0.014178459532558918,
            "std": 0.009739144705235958,
            "ci_low": 0.01397792249917984,
            "ci_high": 0.014404225163161755,
            "n": 8000
          },
          "ood_mse": {
            "mean": 0.018007295206189156,
            "std": 0.009210414253175259,
            "ci_low": 0.017638975754380226,